,null
,null
EVERBLOOM,null
ONE:ELEVEN,null
LODO WELLNESS CENTER,null
,null
,null
BUDDY BOY,null
BUDDY BOY,null
MINDFUL,null
MINDFUL,null
EVERBLOOM,null
,null
THE CLINIC ON COLFAX,null
PURE MEDICAL DISPENSARY,null
EVERBLOOM,null
CALLIES,null
,null
ECLIPSE CANNABIS COMPANY,null
HERBAN UNDERGROUND,null
HIGH VALLEY RETAIL CANNABIS,null
HIGH VALLEY ANTONITO RETAIL CANNABIS,null
,null
LUCKY MONKEY BUDS,null
STRAWBERRY FIELDS,null
SWEET LEAF,null
THE DAB BY NEXT HARVEST,null
FROSTED LEAF,null
MAIKOH HOLISTICS,null
ALPINE WELLNESS,null
ROCKY MOUNTAIN ORGANICS,null
ROCKY MOUNTAIN ORGANICS,null
,null
NATIVE ROOTS SPEER,null
NATURE'S HERBS AND WELLNESS DTC,null
DENVER CLONE STORE,null
GREEN TREE MEDICINALS,null
PROHIBITION HERB,null
HARVEST HOUSE,null
TERRAPIN CARE STATION,null
TERRAPIN CARE STATION,null
TERRAPIN CARE STATION,null
TERRAPIN CARE STATION,null
ASCEND II,null
MARY JANE'S HOUSE,null
THE GREEN JOINT,null
Euflora,null
SMOKE RINGS,null
,null
HELPING HANDS HERBALS,null
THE BUD DEPOT,null
CHRONIC THERAPY,null
,null
ORGANIX,null
LIVWELL,null
DRIFT,null
DRIFT,null
BGOOD,null
BGOOD,null
THE HERBAL CENTER,null
THE HERBAL CENTER,null
,null
THE PEACEFUL CHOICE,null
BGOOD,null
,null
NATIVE ROOTS BOULDER,null
,null
ALPENGLOW,null
ALPENGLOW,null
,null
XCLUSIVE CANNABIS,null
XCLUSIVE CANNABIS,null
BUD BUM,null
BUD HUT INC,null
LIVE GREEN CANNABIS,null
HIGHLINE,null
ROCKY MOUNTAIN CANNABIS,null
CANNACO,null
SMOKEYS,null
THE JOINT BY CANNABIS,null
PIG N' WHISTLE,null
GREEN DRAGON COLORADO,null
GREEN DRAGON COLORADO,null
BOTANICO 2,null
THE HAPPY CAMPER CANNABIS COMPANY,null
CANNA CITY,null
BONFIRE CANNABIS,null
CG LABS,null
KRYSTALEAVES,null
WILD WILD WEED,null
TERRAPIN CARE STATION,null
,null
,null
,null
,null
,null
,null
,null
STARBUDS,null
SACRED SEED,null
ROCKY MOUNTAIN HIGH,null
EUFLORA,null
THE GREEN DEPOT,null
COLORADO WEEDERY,null
,null
THE SPOT,null
THE SPOT,null
THE SPOT 420,null
PURE MARIJUANA DISPENSARY,null
THE DISPO,null
LIGHTSHADE,null
STICKY ICKYS,null
STARBUDS,null
THE VILLAGE GREEN SOCIETY,null
DOCTORS GARDEN,null
DOCTORS GARDEN,null
,null
CANNABIS STATION,null
ROCKY MOUNTAIN HIGH,null
ROCKY MOUNTAIN HIGH,null
AJOYA,null
COMPLETE RELEAF,null
WOLFPAC CANNABIS,null
HIGHER ELEVATION,null
SILVERPEAK APOTHECARY,null
THE DISPENSARY,null
BACKCOUNTRY CANNABIS COMPANY,null
RIVERROCK,null
SOUTHWEST ALTERNATIVE CARE FOX ST,null
GOLDEN LEAF,null
DABBINGTON,null
SEDGWICK ALTERNATIVE RELIEF,null
GOOD EARTH MEDS,null
DELILAH LLC,null
REEFER MADNESS,null
,null
,null
DENVER DISPENSARY,null
LIVWELL,null
THE KIND ROOM,null
DINO DISPENSARY,null
DINO TREATS,null
HIGH LEVEL HEALTH,null
HIGH LEVEL HEALTH,null
HIGH LEVEL HEALTH,null
HIGH LEVEL HEALTH,null
DENVER KUSH CLUB,null
DOCTORS ORDERS,null
GOODPEOPLE LLC,null
DURANGO REC ROOM,null
GREEN DRAGON COLORADO,null
GREEN DRAGON COLORADO,null
GREEN DRAGON COLORADO,null
GREEN DRAGON COLORADO,null
GREEN DRAGON COLORADO,null
GREEN DRAGON COLORADO,null
GREEN DRAGON COLORADO,null
ROCKY MOUNTAIN HIGH,null
,null
DO CORTEZ,null
DO CRESTED BUTTE,null
,null
THE OTHER PLACE IS GREENER,null
DIEGO PELLICER,null
CANNA CABINET INC,null
VERDE NATURAL,null
ELITE ORGANICS,null
ELK MOUNTAIN TRADING POST LLC,null
EMERALD CITY,null
ROCKY MOUNTAIN CANNABIS,null
FARAGOSI FARMS,null
,null
,null
,null
FOX CANNABIS,null
FREEDOM ROAD,null
FREEDOM ROAD,null
FRESH BAKED,null
SOUTH PARK FARMA,null
FROZEN SMOKE DISPENSARY,null
MEDICINE MAN THORNTON,null
MEDICINE MAN,null
MEDICINE MAN AURORA,null
GANJA GOURMET,null
STRAWBERRY FIELDS,null
ROLLUP,null
BILLO,null
ROCKY MOUNTAIN CANNABIS,null
GREEN WORLD,null
GOLDEN MEDS,null
GREEN MAN CANNABIS,null
GREEN MAN CANNABIS,null
THE HEALTH CENTER,null
GM ENTERPRISE INC,null
ROCKY MOUNTAIN BLAZE,null
SOUTH PARK FARMA,null
GOLDEN MEDS INC,null
THE TUMBLEWEED DISPENSARY,null
TUMBLEWEED EXPRESS,null
GREEN CROSS OF CHERRY CREEK,null
GREEN DRAGON COLORADO,null
GREEN DRAGON COLORADO,null
GREENFIELDS,null
,null
LIVWELL,null
LIVWELL,null
LIVWELL,null
LIVWELL,null
LIVWELL,null
GREEN TREE MEDICINALS,null
SMOKEY'S,null
THE GREEN JOINT,null
,null
THE GREENERY,null
,null
VERDE NATURAL,null
GREEN DRAGON COLORADO,null
GREEN DRAGON COLORADO,null
GREEN DRAGON COLORADO,null
ROCKY MOUNTAIN CANNABIS,null
SOMA,null
BEMINDFUL,null
PURE MARIJUANA DISPENSARY,null
HARVEST,null
,null
GREEN DREAM CANNABIS,null
NEW BROADSTERDAM,null
HERBAL HEALING,null
LOCAL PRODUCT OF COLORADO,null
THE GREEN JOINT,null
HERBAL WELLNESS LLC,null
HIGHER GRADE,null
HARVEST HOUSE CRESTED BUTTE,null
COLORADO HARVEST COMPANY,null
COLORADO HARVEST COMPANY,null
COLORADO HARVEST COMPANY,null
HIGH CULTURE CANNABIS,null
TERPS,null
,null
HIGH PLAINZ STRAINS & DISPENSARY LLC,null
,null
HIGH STREET GROWERS LLC,null
THE CLINIC HIGHLANDS,null
BONFIRE CANNABIS COMPANY,null
A CUT ABOVE,null
THE CLINIC ON COLORADO,null
HIGH Q,null
High Q Snowmass Village,null
HIGH Q CARBONDALE,null
BONFIRE CANNABIS,null
LIFE FLOWER DISPENSARY LLC,null
IGADI,null
IGADI,null
IGADI,null
IGADI,null
IGADI,null
IGADI,null
SANTE ALTERNATIVE WELLNESS,null
DISPENSARY EXIT 243,null
PAGOSA THERAPEUTICS,null
THE GREEN HOUSE,null
NATIVE ROOTS VAIL,null
THE GREEN ROOM,null
THE GREEN ROOM,null
EARLS,null
DANK,null
PAGOSA CRAFT,null
SILVER STEM FINE CANNABIS,null
EUFLORA,null
EUFLORA,null
EUFLORA,null
COLORADO CANNABIS CONNECTION,null
TWEEDLEAF,null
TWEEDLEAF,null
THE GREEN HOUSE DURANGO,null
KARING KIND,null
KARMACEUTICALS,null
BUD CELLAR,null
SILVERTON GREEN WORKS,null
STARBUDS,null
SPARK DISPENSARY,null
KIND CARE OF COLORADO,null
KIND LOVE,null
KINFOLK FARMS,null
THE LODGE,null
THE LODGE,null
THE GREEN STOP,null
SEED & SMITH,null
L'EAGLE,null
LIGHTSHADE,null
LITTLE LEMON,null
TOKIN,null
LIVWELL,null
STARBUDS LONGMONT,null
LUCY SKY CANNABIS BOUTIQUE,null
STARBUDS,null
HERBS 4 YOU,null
MAGNOLIA ROAD CANNABIS COMPANY,null
MAGNOLIA ROAD CANNABIS COMPANY,null
SUGARLOAF DISPENSARY,null
,null
,null
,null
,null
,null
,null
,null
,null
,null
,null
,null
,null
,null
,null
,null
,null
,null
,null
,null
,null
THE HOMESTEAD,null
,null
,null
THE HEALTH CENTER,null
BEST COLORADO CANNABIS,null
OASIS CANNABIS SUPERSTORE,null
OASIS CANNABIS SUPERSTORE,null
MEDICINE MAN LONGMONT,null
WOLFPAC CANNABIS,null
MESA ORGANICS - ORDWAY,null
MESA ORGANICS - ROCKY FORD,null
MESA ORGANICS - LAS ANIMAS,null
MESA ORGANICS,null
SILVER STEM FINE CANNABIS,null
GOOD CHEMISTRY,null
MILE HIGH DISPENSARY,null
LIT,null
LIT,null
MMJ AMERICA UPTOWN,null
ALTITUDE WEST,null
MILE HIGH WELLNESS-GREEN STREET,null
FROSTY LEAF,null
GREEN RINO,null
STICKY FINGERZ,null
ALTITUDE ORGANIC CANNABIS,null
PROVISIONS,null
NORTHERN STANDARD,null
,null
,null
,null
,null
MOUNTAIN MEDICINIALS RETAIL CENTER,null
STARBUDS,null
LOUD,null
,null
GREEN TREE MEDICINALS,null
THE COLFAX POT SHOP,null
,null
,null
,null
NATURES HERBS & WELLNESS CENTER III,null
NATURES KISS,null
TUMBLEWEED DISPENSARY EDWARDS,null
TELLURIDE BUD COMPANY,null
TELLURIDE BUD COMPANY,null
IGADI,null
ROCKY MOUNTAIN CANNABIS,null
THE HEALTH CENTER,null
,null
,null
,null
,null
SILVER STEM FINE CANNABIS,null
,null
GOLDEN NUGGET DISPENSARY,null
ELEMENTS,null
OPTIONS,null
OPTIONS,null
ORGANIC ALTERNATIVES,null
GREEN TREE MEDICINALS,null
WILD WILD WEED,null
BEST DAY EVER,null
BEST DAY EVER,null
THE GREEN JOINT,null
FLOYD'S FINE CANNABIS,null
CANNA CITY,null
ELEVATE 6010,null
PEAK DISPENSARY,null
CANNA BOTICA,null
NATURES MEDICINE,null
MILE HIGH GREEN CROSS,null
DOCS APOTHECARY,null
,null
NORTHERN LIGHTS CANNABIS CO,null
,null
PLATTE VALLEY DISPENSARY,null
PRIMA CANNABIS COMPANY,null
PRIMA CANNABIS COMPANY,null
PUEBLO WEST ORGANICS,null
PUEBLO WEST ORGANICS,null
HOUSE OF DANKNESS,null
EMERALD FIELDS,null
EMERALD FIELDS,null
ROOTSRX,null
ROOTSRX,null
ROOTSRX,null
ROOTSRX,null
ROOTS RX,null
ROOTSRX,null
LAUGHING GRASS,null
GREEN CROSS SILT,null
GREEN CROSS RIFLE,null
RINO SUPPLY COMPANY,null
RIVERROCK,null
NATIVE ROOTS NORTH DENVER,null
NATIVE ROOTS ASPEN,null
NATIVE ROOTS DILLON,null
NATIVE ROOTS EDGEWATER,null
NATIVE ROOTS FRISCO,null
NATIVE ROOTS HIGHLANDS,null
NATIVE ROOTS LONGMONT,null
NATIVE ROOTS COLORADO BLVD,null
NATIVE ROOTS SANTA FE,null
NATIVE ROOTS LITTLETON,null
NATIVE ROOTS DENVER AIRPORT,null
NATIVE ROOTS TRINIDAD,null
ROCKY MOUNTAIN REMEDIES,null
AFFINITY,null
ROCKY FARMS,null
ROCKY MOUNTAIN CANNABIS,null
,null
ROCKY ROAD VAIL,null
ROCKY ROAD THORNTON,null
,null
DIEGO PELLICER,null
ROCKY ROAD AURORA,null
PRIMO,null
CANNAFARMER FARM STORE,null
,null
STARBUDS,null
LIVWELL,null
,null
,null
SERENE WELLNESS WINTER PARK LLC,null
FROSTED LEAF,null
FROSTED LEAF,null
,null
HIGH WEST CANNABIS,null
ROOTED,null
,null
SIMPLY PURE,null
TRENCHTOWN,null
SILVER STEM FINE CANNABIS,null
SILVER STEM FINE CANNABIS,null
SILVER STEM FINE CANNABIS,null
THE FARM,null
MIGHTY TREE,null
SMOKINGUN APOTHECARY,null
SKM,null
,null
,null
,null
,null
COLORADO CANNABIS EXCHANGE,null
,null
HIGHLAND HEALTH,null
KAYA,null
THE DOOBIE SISTERS,null
ROCKY MOUNTAIN CANNABIS,null
STARBUDS,null
STARBUDS,null
STARBUDS,null
STARBUDS,null
STARBUDS,null
STARBUDS,null
DOCTORS ORDERS,null
THE CANNABIS DEPOT,null
THE STONE DISPENSARY,null
DEN REC DENVER RECREATIONAL DISPENSARY,null
DEN REC DENVER RECREATIONAL DISPENSARY,null
SUN HOUSE,null
SUN HOUSE,null
,null
14er HOLISTICS,null
,null
GOOD CHEMISTRY,null
GOOD CHEMISTRY,null
GOOD CHEMISTRY,null
STRAWBERRY FIELDS,null
AROMA,null
TREES,null
TELLURIDE GREEN ROOM,null
NATURITA GREEN ROOM,null
,null
THE HERBAL ALTERNATIVE,null
THE HAPPY CAMPER CANNABIS COMPANY,null
,null
THE COLORADO GROW COMPANY,null
THE KIND CASTLE,null
CABIN CANNABIS,null
TERRAPIN CARE STATION,null
CLEARANCE CANNABIS CO.,null
CLEARANCE CANNABIS CO,null
THE UNDERGROUND STATION LLC,null
CANNASSEUR,null
CANNASSEUR,null
THE FARMERS MARKET,null
THREE RIVERS DISPENSARY,null
THREE RIVERS DISPENSARY,null
ALTITUDE EAST,null
ALTITUDE AURORA,null
STRAWBERRY FIELDS,null
TRILL EVOLUTIONS,null
TRILL ALTERNATIVES,null
TUMBLEWEED CARBONDALE,null
TUMBLEWEED DE BEQUE,null
TUMBLEWEED FRISCO,null
BUDDY BOY,null
BUDDY BOY,null
BUDDY BOY,null
HIGH COUNTRY HEALING,null
UNIVERSAL HERBS,null
UNIVERSAL HERBS,null
HEALING HOUSE,null
GREEN GRASS,null
URBAN DISPENSARY,null
HIGH COUNTRY HEALING 8,null
VERTICAL,null
BLUE HERON DISPENSARY,null
MAGGIES FARM,null
MEDUSACO,null
NORTHERN LIGHTS CANNABIS CO,null
LUCY SKY CANNABIS BOUTIQUE,null
LUCY SKY CANNABIS BOUTIQUE,null
BEMINDFUL,null
MAGGIES FARM,null
ELEVATED STRAINS,null
HASHISH HUT,null
BUD FARM,null
THE REPUBLIC,null
CHERRY PEAK,null
1136 YUMA,null
TWIN PEAKS DISPENSARY,null
BERKELEY DISPENSARY,null
CANNA CITY,null
,
,
,
,
,
,
,
,
,
,
,
,
,
,
,
,
,
,
,
,
,
,
,
,
,
,
,
,
,
